{"file_hashes":[{"block_hashes":["QRj5wFkiPlNOo331oMaIJ8fK4C3FbqYIdgcfVohG5MQ="],"block_size":4096,"path":"datachannel.html"},{"block_hashes":["0PSzsHUDedqClLzYHPYDm7E6b5Aw87j7dB7P6tiG33Q="],"block_size":4096,"path":"dialog.html"},{"block_hashes":["Sh7VJbuHF8YScLdf8fWwYZEIEktQ4ZCM42g213ccXco="],"block_size":4096,"path":"feedbackdialog.html"},{"block_hashes":["Dr8HJZK2RLSzrX8FhDA7gQB0bkxaYjHYStC6W5mvHbs="],"block_size":4096,"path":"images_4/icon-24x24.png"},{"block_hashes":["uUTsON0qSOXX1s5yHE3B4RzcF7umVGhtgszTwACuByo="],"block_size":4096,"path":"images_4/presence/available_19.png"},{"block_hashes":["ywcj1ez+ev7WlxVoqji29ubStvGjN7j/yNOruExzljI="],"block_size":4096,"path":"images_4/presence/available_38.png"},{"block_hashes":["z03l2lpvmVvv2QXtEZbtAIz8rCH8V2h9QlTzbkm1kSI="],"block_size":4096,"path":"images_4/presence/available_mac_19.png"},{"block_hashes":["I7/VIZOHCp3XDRjC2o8qh8HZS+2HZ1+014+gnDLKFpA="],"block_size":4096,"path":"images_4/presence/available_mac_38.png"},{"block_hashes":["W18uyn5NLN+rnqZmf0Qcs18C24aguhMd2ooBOGR6yKQ="],"block_size":4096,"path":"images_4/presence/available_missed_19.png"},{"block_hashes":["Cp6GghmyEgefchP5/Z47TyhVsWNAFPBPTdgFWuhzFRA="],"block_size":4096,"path":"images_4/presence/available_missed_38.png"},{"block_hashes":["ZoBl75yhiD8lWWsUyLPnzmakZ2iraYAoWIAnqsIGJFo="],"block_size":4096,"path":"images_4/presence/available_missed_mac_19.png"},{"block_hashes":["zLOUHLRZbzO/7Hm7YA7UPqsA1b5S1HmgbrNiEJ7DYI4="],"block_size":4096,"path":"images_4/presence/available_missed_mac_38.png"},{"block_hashes":["mcyhSOUrEyPIajwXsVOrnl5rn6h7kC6ZF60BUiAIYXI="],"block_size":4096,"path":"images_4/presence/offline_mac_19.png"},{"block_hashes":["cJoJrSciGH9fBEcd5GAT9VaY79Vrq1K1sGXtJYwUXTQ="],"block_size":4096,"path":"images_4/presence/offline_mac_38.png"},{"block_hashes":["foI0mWcDDyn3/DpG6VjlRCSJansk0cBUEBVF9AOnm+w="],"block_size":4096,"path":"images_4/presence/offline_unknown_19.png"},{"block_hashes":["Cw2BlaWAN5RoVVXovIjdHGDzFhCGnXJakereMcUlLMo="],"block_size":4096,"path":"images_4/presence/offline_unknown_38.png"},{"block_hashes":["Rn/9eavyXsvqSMYkc27tzz5KdUqnxQ67WgsKf1eWDnk="],"block_size":4096,"path":"images_4/presence/offline_unknown_mac_19.png"},{"block_hashes":["4XRKGVPb0RDlbBEje72y9VnkGqcClI6DGR5v3/4rUvM="],"block_size":4096,"path":"images_4/presence/offline_unknown_mac_38.png"},{"block_hashes":["iWY/eWEZPlmy8jKAjHtfgSZ1aj3Pw18JSN3tAHnCcos="],"block_size":4096,"path":"images_4/presence/offline_working_19.png"},{"block_hashes":["gw5oIxMkYw5Xq1I51ewJR5fEOvMXsCvf5kU5kVisrzw="],"block_size":4096,"path":"images_4/presence/offline_working_38.png"},{"block_hashes":["ErApDNCI0z/xFGG1pxeZR1T7KkebnUjWwc/lBIKa2KI="],"block_size":4096,"path":"images_4/presence/offline_working_mac_19.png"},{"block_hashes":["RQpaVSrkqepn5H0psM5iRmSph0nVyvgG/Dgc3AByH3w="],"block_size":4096,"path":"images_4/presence/offline_working_mac_38.png"},{"block_hashes":["48E3/DVoKFEKxk/Eb1hzHVCUUAp2mIQx0Q/9gXme4LU="],"block_size":4096,"path":"images_4/viewer-14.png"},{"block_hashes":["xjuPqrrCDZZTiweKTPk8Xp2n7ARNZX+GmortWSjjAJk="],"block_size":4096,"path":"images_4/viewer-28.png"},{"block_hashes":["0PSzsHUDedqClLzYHPYDm7E6b5Aw87j7dB7P6tiG33Q="],"block_size":4096,"path":"panel.html"},{"block_hashes":["xSAa0tewhYC71d3bjFTKj1aYc7jtyn24n8Fac9X+VUI=","MwlM06WzhOeyKdoN8u6Jo5Arg7DeW7nHYN2NtlQwcL8=","dv9k19YQi89OOpLKjF00qYEx/yjI3ulzKc1kRyXSd9c=","YRMMf4C4CeDeiktm8KAM9EmJa9gNnDW9PT/yx73xU1c=","7LnldGvo34crIUkxTnTEhhYihr/MSExT8Sfgj9weLII=","iscCVbXx9UN4GSzzCuYWVRStnaqQzNO4gXePtyvRrlg=","M4ae/q44dL3xqkfq4sWDEah2clsS5wPPuU9o8Xyf0Lk=","pMqHpOR9+8y2jqphrFaDjo9n8cq7eER+yeo8R/FLpgc=","Yu3aGGQWxwvk4dzb4F7vruKSgii+u+2f+puGWL7NjYA=","OF1n43zYqSSns1kHhZMjT/VR6sxajjb5ltyGqr8+ry8=","B4f8l/8PDmJpyuKxEO4OkhztwkrkkMrbloolv43y+xI=","Vvmgc8N8OPpxpXUSbT7u4+p6aCW0QC+wcEuXE7PnRjc=","G1kUS3OIX2aEN1DDt6GgSh0rxDxXyjUsKyXu/DRdLPs=","l4PijMKmXyHsfrdE2L7q0ESmQQ3hjE63vpuFbeh+I5w=","tjxvmoCVYNoEV7lE737YeJRpdvCeimDG8kSGo9GX2JI=","oWACNw+8gSNcNEr0/ELE6W+IEehcDjfxtTJbpnL0y/E=","qoN1Ad7nIYAyCM8JLwfUGHcV3+9bLcB8yyrlYTpu0bo="],"block_size":4096,"path":"scripts/datachannel.js"},{"block_hashes":["3Ahq2/Q2909lfqmnytkTph4Q/gcnFaa9NYOJXvv+Kkw=","xHnPqRH2qnCdlp77kBlQJgEWk/HyFNpORG1391OIC8Q=","leOgbJwFiGsytuwLP3Sm2OjHLRx+ETvrveeBDLoggW8=","Acf0VZhsdaaUNYFKM7SuilhofPllzFxPp1eiI2wUhp0=","XepA0pIXJo1l4fShemkTBSSQwyvQHvD3RmC3C32Twuk=","doqeDo43FToZnwAfeQNUKFvJaVFV0CZHR+4RjVYbYzs=","Pr7fmjVyQpZmKRSzGzSPRrUNK0c3W2xKET+0MO8Q2aA=","xAFHPS1uLHXxPp1rxzNCDuJ+vZAI7k/MgtsWwCXMmGI=","hLzuvC39rsd3WnOuxX94xm3XD73VVkwrOlzaD2hdDHA=","AKwMVkkA9htHeaUCXauMDiga5xedjk4m070eKx0wYD8=","18R7JUSjtmZIRlTGigPlEQFwsdp5mkLEliU6ub3TdYE=","NX+WzoDs/xLAiPXIKdAbh6hp1A6s6tG4JaiBI/QnOhA=","5hwAmZ9RvmttyVufZhhRgxCDDU3hlB32lQJuRbtwHRU=","buSRv+Z/XY/JUOfNvbVpIHg6ijFnnxG6C9kR/bMnUaw=","13AwzALYcClajpNM0kVTaG5DshFFmER3EfxAALigYN0=","zwmIdJftyFngmBuzVIQ6Rr9p7lVdI+jKyYkYRdkjEZk=","0gqvDgMKDBjxwoUjUoz1YwujBFASCNRTXV+qkMXANNQ=","4CEkv9nbOh8tZKPKM9r1jILr07b/riJ0W58tYssUnnI="],"block_size":4096,"path":"scripts/feedback.js"},{"block_hashes":["id0/IIxRIFFGqQfhGPsGJhtivuaEOTZ9228wRm7uJy0=","MRYSKeEYc1luuLYuF25F/m6mCZtFpQeLtQk61B9VRqU=","72WX56SOi62b5qXuaoZlpdZ5H9ZAUuJ7CDtBmFl+EPY=","JvsG5UvH1ZmHM/1FuH0iTyKsfoWCz/Pxg7w3bRHsUlA=","GiPkxhh1gyzEUlIUKjLWuoPOmCL6uKYC0Ax1xucMl7g=","VOQO9BtYgjju5gAnCdreSlaeRAoLc5JivYn7UqLIUK8=","l4B4LY14JBPP66/RqSljYuIZDndI84xpC8KtiIHNntM=","3MDQrhONBbgynHVKLuTLIbCVnVbgRZkQHZG8SLKeBmc=","VFnIL+ZtASWnk14xdXooR1ru+DgpGXJ2445zHt5TsOU=","TC++5gwVswaePHU6wvACz+0S7IIlWdF7vRwUgJTggXM=","D+4ErA7EIPyohEYlboKzoE68AqiANjLi2IBxBAOsYEI=","GYL3UbTm4oKDescvgfGuoqwPdCp/raaxjESV3Rvy9ZA=","gdpgNtnbKx8Vn238ebq//xaU1Sbo9+ruWd0hH3P5LnI=","5+2aYoeTV65S7pseNQa/9MfQLzIFE2O89bj1J5yGvb4=","7D1wJPm/EzsXMuXGUIx8a8HKd0kD5xF8ubdOnIGcUfU=","F+xku8lsSbfxNHPDTJv17Ki4wU43wej5xf2JNUfl5rM=","Gfn1XbTs8WG74G32lcSgj+H+47UgWc0NmDBhK49F1oc=","5WGv6w1GsOu1XIBZkEaFICaWy13vyf4w9eLbXbi1+us=","4eU7avharwz9QI0zgaJkBwZFqra2LaceNSO/YR1gzjk=","gk/Duabyvls5ekhRYVlBq5uCiDryjmWwTYzyBd0DT74="],"block_size":4096,"path":"scripts/main.js"},{"block_hashes":["x67yeMcv9UCbJfyoy+aImqAEPv3raaiHMPQlpMRrfD8="],"block_size":4096,"path":"scripts/panel.js"},{"block_hashes":["fr+z3GB/JShZ9LUn5LFaTgmB6wDCefl2TexJGqA8HJQ=","xHnPqRH2qnCdlp77kBlQJgEWk/HyFNpORG1391OIC8Q=","leOgbJwFiGsytuwLP3Sm2OjHLRx+ETvrveeBDLoggW8=","Acf0VZhsdaaUNYFKM7SuilhofPllzFxPp1eiI2wUhp0=","XepA0pIXJo1l4fShemkTBSSQwyvQHvD3RmC3C32Twuk=","doqeDo43FToZnwAfeQNUKFvJaVFV0CZHR+4RjVYbYzs=","d9LPdkmPdvKBHQJ+cuPnrMY8S8TouzQMjo45I2ed5Bk=","2Xkt5zJD1CKg3uTWhbmfAdyXBWtnKqe9yJLUOwtaJxk=","2koyLs0g5F8GW7lfD9Blp/0IgNp9Vt5S1cbSON+3eG4="],"block_size":4096,"path":"scripts/settings.js"},{"block_hashes":["39nXfV9F0kktzbRyYE8fRScnKlPE3SMLKNUDD+b07dA="],"block_size":4096,"path":"settingsdialog.html"},{"block_hashes":["89BIG40gR5YUdurb6HHhhyAC2LEFv4maSuPoR0lNE4I="],"block_size":4096,"path":"styles/dialog.css"},{"block_hashes":["m1AfnQEm10aoaWILULO9JekDzY4N+WJZtGZNQqV9w58="],"block_size":4096,"path":"styles/panel.css"},{"block_hashes":["3uoLZxJOufqhSUUYsAdH63rtY5U05OBLKwyTYnnsS5U="],"block_size":4096,"path":"styles/viewer.css"},{"block_hashes":["VGZA9Q7bmc/69hxaMczXwE7aO85gm9JceXYYFNucyLo="],"block_size":4096,"path":"viewer.html"}],"version":2}